[
  { 
    "@context": "http://www.w3.org/ns/anno.jsonld",
    "id": "#a88b22d0-6106-4872-9435-c78b5e89fede",
    "type": "Annotation",
    "body": [{
      "type": "TextualBody",
      "value": "A lovely door"
    }, {
      "type": "TextualBody",
      "purpose": "tagging",
      "value": "asset_1234"
    }, {
      "type": "TextualBody",
      "purpose": "tagging",
      "value": "status_inspected"
    }],
    "target": {
      "selector": [{
        "type": "FragmentSelector",
        "conformsTo": "http://www.w3.org/TR/media-frags/",
        "value": "xywh=pixel:273,171,123,94"
      }]
    }
  }
]
